OS,Installers,Binaries
Linux,Package manager instructions,Arm32 | Arm32 Alpine | Arm64 | Arm64 Alpine | x64 | x64 Alpine
macOS,Arm64 | x64,Arm64 | x64
Windows,x64 | x86 | Arm64 | winget instructions,x64 | x86 | Arm64
All,dotnet-install scripts,
Linux,Package manager instructions,Arm32 | Arm32 Alpine | Arm64 | Arm64 Alpine | x64 | x64 Alpine
macOS,Arm64 | x64,Arm64 | x64
Windows,x64 | x86 | Arm64 | winget instructions,x64 | x86 | Arm64
All,dotnet-install scripts,
Linux,Package manager instructions,Arm32 | Arm32 Alpine | Arm64 | Arm64 Alpine | x64 | x64 Alpine
macOS,Arm64 | x64,Arm64 | x64
Windows,x64 | x86 | Arm64 | winget instructions,x64 | x86 | Arm64
All,dotnet-install scripts,
Linux,Package manager instructions,Arm32 | Arm32 Alpine | Arm64 | Arm64 Alpine | x64 | x64 Alpine
macOS,,Arm64 | x64
Windows,x64 | x86 | Arm64 | Hosting Bundle | winget instructions,x64 | x86 | Arm64
Linux,Package manager instructions,Arm32 | Arm32 Alpine | Arm64 | Arm64 Alpine | x64 | x64 Alpine
macOS,Arm64 | x64,Arm64 | x64
Windows,x64 | x86 | Arm64 | winget instructions,x64 | x86 | Arm64
All,dotnet-install scripts,
